cluster,avg_C0_max,arrival_rate,service_rate,traffic_intensity,Wq_est
Weekday - 4:00 - 8:00,1.554245283018868,0.7066666666666667,0.880253131370468,0.8027993783634212,5.760817824744264
Weekday - 8:00 - 12:00,0.9954233409610984,0.3641666666666667,0.47500569548403615,0.7666574740658146,9.022092765245262
Weekday - 12:00 - 16:00,0.993963782696177,0.4141666666666667,0.5250347465242622,0.7888366806358172,9.019728683715366
Weekday - 16:00 - 20:00,0.9929824561403509,0.2375,0.34759044004637546,0.6832754087491957,9.083440847168482
Weekend - 4:00 - 8:00,1.2922636103151863,0.7270833333333333,0.8719392317356466,0.8338692730754079,6.9034123638007845
Weekend - 8:00 - 12:00,1.651639344262295,0.5083333333333333,0.6918775516446813,0.7347157486537321,5.448278399615339
Weekend - 12:00 - 16:00,1.2684824902723735,0.5354166666666667,0.676930955963741,0.7909472331700335,7.066424210354809
Weekend - 16:00 - 20:00,1.872053872053872,0.61875,0.826949968752724,0.7482314812022439,4.8030746881988495
